Num_Acc,senc,catv,occutc,obs,obsm,choc,manv,num_veh
201500003342,0,7,0,0.0,2.0,3.0,15.0,A01
201500009471,0,17,0,0.0,0.0,3.0,2.0,B02
201500026753,1,7,0,0.0,2.0,2.0,16.0,Z01
201500047714,0,33,0,0.0,2.0,7.0,16.0,A01
201500054727,0,7,0,14.0,0.0,1.0,13.0,A01
201500046184,0,7,0,0.0,2.0,4.0,2.0,A01
201500006428,0,7,0,2.0,0.0,1.0,19.0,A01
201500028657,0,7,0,0.0,1.0,3.0,15.0,A01
201500001042,0,2,0,0.0,2.0,1.0,1.0,B02
201500056596,0,7,0,0.0,2.0,4.0,23.0,B01
201500016727,0,33,0,0.0,0.0,9.0,1.0,A01
201500037435,0,7,0,0.0,1.0,4.0,4.0,A01
201500000944,0,10,0,0.0,2.0,1.0,1.0,B02
201500002538,0,37,1,0.0,2.0,8.0,23.0,B02
201500020845,0,7,0,0.0,0.0,4.0,23.0,B01
201500002193,0,7,0,0.0,2.0,3.0,1.0,C03
201500031166,0,7,0,0.0,2.0,5.0,0.0,A01
201500002723,0,7,0,0.0,1.0,1.0,1.0,A01
201500010690,0,33,0,5.0,0.0,1.0,0.0,A01
201500006674,0,7,0,0.0,0.0,9.0,13.0,A01
201500022806,0,7,0,0.0,2.0,1.0,1.0,B01
201500009588,0,2,0,15.0,0.0,1.0,1.0,A01
201500051715,0,7,0,0.0,1.0,0.0,1.0,A01
201500030070,0,7,0,0.0,2.0,5.0,4.0,B01
201500055152,0,7,0,0.0,2.0,4.0,23.0,C01
201500014366,0,7,0,0.0,2.0,1.0,2.0,A01
201500028969,0,7,0,0.0,2.0,3.0,0.0,A01
201500016106,0,3,0,0.0,2.0,2.0,2.0,A01
201500019978,0,10,0,0.0,2.0,4.0,2.0,B02
201500014909,1,7,0,0.0,2.0,6.0,15.0,Z01
201500009122,0,7,0,0.0,1.0,3.0,1.0,A01
201500012765,0,1,0,0.0,2.0,1.0,2.0,B01
201500018687,0,7,0,0.0,2.0,3.0,16.0,A01
201500056243,0,7,0,0.0,2.0,8.0,11.0,A01
201500006771,0,2,0,0.0,2.0,1.0,1.0,B02
201500014489,0,2,0,0.0,2.0,7.0,1.0,B01
201500015803,0,2,0,0.0,2.0,3.0,1.0,B01
201500025272,0,33,0,0.0,2.0,1.0,1.0,B01
201500006652,0,7,0,0.0,2.0,3.0,1.0,A01
201500028210,0,7,0,0.0,1.0,3.0,1.0,A01
201500043234,0,7,0,0.0,1.0,0.0,0.0,A01
201500003267,0,7,0,0.0,2.0,2.0,1.0,B02
201500028998,0,7,0,7.0,0.0,1.0,0.0,A01
201500054079,1,7,0,0.0,2.0,3.0,13.0,Z01
201500049190,0,7,0,0.0,2.0,4.0,2.0,A01
201500036136,0,1,0,0.0,2.0,1.0,1.0,B01
201500056672,0,7,0,0.0,2.0,4.0,2.0,B02
201500005369,0,7,0,0.0,0.0,9.0,1.0,A01
201500028226,0,7,0,0.0,2.0,8.0,15.0,A01
201500047736,0,7,0,0.0,2.0,1.0,16.0,B01
201500040250,0,7,0,0.0,1.0,1.0,1.0,A01
201500039728,0,7,0,0.0,2.0,3.0,2.0,B01
201500051842,0,30,0,0.0,0.0,0.0,1.0,A01
201500000515,0,7,0,6.0,0.0,1.0,1.0,A01
201500030072,0,7,0,0.0,2.0,1.0,0.0,B01
201500024292,0,33,0,5.0,2.0,1.0,1.0,A01
201500028696,0,7,0,1.0,0.0,2.0,14.0,A01
201500029169,0,30,0,0.0,2.0,4.0,0.0,B01
201500000871,0,33,0,0.0,2.0,1.0,17.0,A01
201500053365,0,7,0,0.0,2.0,5.0,2.0,B01
201500009331,0,7,0,14.0,0.0,1.0,1.0,C03
201500010101,0,7,0,0.0,1.0,1.0,0.0,A01
201500035908,0,33,0,0.0,2.0,1.0,1.0,B01
201500040686,0,10,0,0.0,2.0,3.0,20.0,A01
201500031212,0,99,0,0.0,1.0,3.0,1.0,A01
201500011836,0,10,0,3.0,0.0,6.0,1.0,A01
201500022436,0,7,0,0.0,2.0,0.0,0.0,B01
201500016694,0,14,0,0.0,2.0,3.0,15.0,B01
201500052621,0,31,0,0.0,2.0,1.0,1.0,A01
201500003126,0,33,0,0.0,2.0,1.0,0.0,B02
201500041376,0,10,0,0.0,2.0,2.0,2.0,A01
201500007216,0,7,0,13.0,0.0,2.0,14.0,A01
201500028804,0,7,0,0.0,2.0,7.0,1.0,A01
201500030373,0,7,0,0.0,1.0,1.0,1.0,A01
201500005970,0,2,0,0.0,2.0,1.0,1.0,A01
201500024719,0,7,0,0.0,2.0,7.0,15.0,A01
201500046719,0,33,0,0.0,0.0,0.0,0.0,A01
201500003191,0,7,0,0.0,2.0,3.0,16.0,A01
201500049497,0,7,0,0.0,2.0,1.0,2.0,A01
201500045644,0,7,0,0.0,2.0,4.0,2.0,B01
201500056734,0,7,0,0.0,1.0,3.0,1.0,A01
201500039078,0,7,0,0.0,1.0,1.0,0.0,A01
201500019445,0,7,0,0.0,2.0,1.0,15.0,A01
201500055111,0,31,0,1.0,2.0,5.0,1.0,B01
201500013367,0,7,0,0.0,2.0,8.0,2.0,A01
201500022887,0,31,0,0.0,2.0,9.0,1.0,A01
201500010586,0,31,0,0.0,2.0,1.0,1.0,A01
201500036149,0,30,0,0.0,2.0,1.0,1.0,A01
201500029387,0,7,0,0.0,1.0,7.0,1.0,A01
201500008660,0,7,0,0.0,2.0,2.0,1.0,B02
201500049615,0,7,0,0.0,2.0,1.0,2.0,A01
201500018978,0,7,0,0.0,1.0,2.0,1.0,A01
201500031981,0,33,0,6.0,0.0,1.0,14.0,A01
201500049560,0,7,0,4.0,0.0,2.0,2.0,A01
201500044069,0,7,0,0.0,2.0,4.0,2.0,A01
201500027924,0,7,0,0.0,2.0,3.0,24.0,A01
201500024337,0,14,0,0.0,1.0,7.0,1.0,A01
201500009435,0,7,0,0.0,2.0,3.0,1.0,B02
201500022097,0,1,0,0.0,1.0,1.0,1.0,A01
201500039991,0,7,0,8.0,2.0,7.0,19.0,B01
201500026909,0,7,0,0.0,2.0,3.0,0.0,A01
201500023295,0,1,0,0.0,0.0,4.0,1.0,B01
201500039407,0,7,0,0.0,2.0,5.0,17.0,A01
201500039874,0,31,0,0.0,2.0,0.0,17.0,A01
201500018536,0,33,0,0.0,0.0,0.0,13.0,A01
201500030137,0,7,0,0.0,9.0,5.0,2.0,B01
201500001560,0,33,0,10.0,0.0,1.0,1.0,A01
201500027063,0,7,0,0.0,2.0,1.0,1.0,A01
201500023877,0,33,0,0.0,2.0,3.0,1.0,B01
201500032822,0,34,0,0.0,2.0,7.0,1.0,A01
201500022288,0,38,0,0.0,2.0,3.0,1.0,A01
201500047935,0,7,0,14.0,2.0,2.0,2.0,A01
201500029282,0,7,0,0.0,2.0,8.0,1.0,A01
201500042032,0,7,0,0.0,2.0,3.0,1.0,B01
201500030112,0,7,0,0.0,2.0,7.0,15.0,D01
201500033935,0,10,0,0.0,2.0,1.0,13.0,A01
201500028638,0,7,0,0.0,2.0,1.0,2.0,A01
201500021858,0,1,0,0.0,2.0,7.0,1.0,B01
201500045775,0,15,0,,9.0,1.0,1.0,A01
201500030044,0,7,0,8.0,0.0,1.0,1.0,A01
201500052810,0,1,0,0.0,2.0,2.0,1.0,B01
201500025914,0,33,0,0.0,0.0,0.0,0.0,A01
201500002980,0,7,0,0.0,2.0,3.0,15.0,B02
201500049605,0,7,0,0.0,2.0,4.0,2.0,B01
201500032363,0,7,0,0.0,2.0,3.0,1.0,C01
201500021956,0,7,0,0.0,2.0,0.0,1.0,B01
201500032750,0,7,0,0.0,2.0,7.0,16.0,B01
201500058583,0,7,0,0.0,1.0,1.0,1.0,A01
201500020005,0,7,0,0.0,2.0,3.0,15.0,A01
201500011309,0,33,0,0.0,2.0,1.0,1.0,B02
201500027831,0,7,0,0.0,1.0,0.0,13.0,A01
201500017846,0,7,0,0.0,2.0,1.0,1.0,B02
201500036493,0,1,0,0.0,2.0,9.0,19.0,A01
201500030500,0,7,0,0.0,2.0,6.0,9.0,A01
201500031853,0,7,0,0.0,0.0,0.0,0.0,A01
201500015434,0,2,0,0.0,2.0,1.0,1.0,B01
201500036097,0,7,0,0.0,2.0,1.0,2.0,A01
201500034707,0,2,0,0.0,2.0,1.0,1.0,B01
201500009028,0,7,0,0.0,0.0,3.0,13.0,B02
201500018878,0,7,0,0.0,2.0,1.0,13.0,A01
201500026771,0,7,0,0.0,0.0,0.0,0.0,C01
201500000578,0,10,0,0.0,2.0,3.0,1.0,A01
201500003713,0,33,0,0.0,2.0,1.0,1.0,B02
201500020439,0,7,0,0.0,2.0,1.0,1.0,A01
201500040254,0,10,0,6.0,0.0,2.0,1.0,A01
201500021917,0,7,0,0.0,2.0,3.0,1.0,B01
201500054717,0,37,0,0.0,2.0,5.0,1.0,B01
201500032414,0,7,0,0.0,2.0,4.0,23.0,C01
201500023243,0,7,0,0.0,2.0,1.0,16.0,A01
201500054587,0,7,0,0.0,2.0,8.0,1.0,B01
201500026095,0,7,0,0.0,2.0,1.0,2.0,A01
201500050342,0,7,0,0.0,2.0,3.0,0.0,A01
201500040518,0,31,0,0.0,2.0,1.0,2.0,B01
201500029471,0,7,0,0.0,2.0,4.0,2.0,B01
201500026950,1,7,0,0.0,9.0,0.0,10.0,B01
201500036242,0,7,0,0.0,2.0,1.0,1.0,B01
201500032960,0,7,0,0.0,2.0,2.0,15.0,A01
201500047170,0,7,0,0.0,2.0,9.0,2.0,B01
201500055806,0,7,0,0.0,2.0,8.0,1.0,B01
201500014575,0,32,0,0.0,2.0,1.0,17.0,A01
201500004357,0,33,0,0.0,2.0,1.0,17.0,A01
201500020148,0,33,0,0.0,2.0,1.0,15.0,B01
201500034815,0,7,0,0.0,2.0,1.0,1.0,B01
201500014299,0,7,0,0.0,1.0,4.0,4.0,A01
201500033212,0,7,0,0.0,2.0,3.0,10.0,A01
201500015998,0,7,0,0.0,2.0,3.0,1.0,B01
201500030715,0,7,0,15.0,0.0,1.0,21.0,A01
201500050612,0,2,0,0.0,2.0,1.0,1.0,A01
201500040849,0,7,0,0.0,1.0,2.0,2.0,A01
201500041452,0,7,0,0.0,0.0,5.0,0.0,B01
201500031007,0,7,0,1.0,0.0,9.0,21.0,B01
201500041260,0,7,0,0.0,2.0,1.0,1.0,A01
201500022903,0,7,0,0.0,2.0,8.0,0.0,B01
201500019433,0,33,0,3.0,0.0,7.0,3.0,A01
201500035265,0,7,0,0.0,2.0,3.0,15.0,A01
201500046337,0,7,0,0.0,2.0,7.0,1.0,C01
201500036352,0,7,0,0.0,2.0,0.0,0.0,B01
201500039403,0,7,0,0.0,2.0,8.0,2.0,B01
201500054327,0,33,0,0.0,2.0,7.0,17.0,B01
201500053155,0,30,0,9.0,0.0,1.0,1.0,A01
201500038894,0,32,0,3.0,0.0,1.0,1.0,A01
201500021880,0,7,0,0.0,1.0,3.0,19.0,A01
201500042626,0,30,0,0.0,2.0,1.0,17.0,B01
201500006853,0,7,0,0.0,0.0,3.0,15.0,A01
201500057284,0,31,0,0.0,2.0,1.0,17.0,A01
201500027466,0,7,0,0.0,2.0,5.0,12.0,A01
201500031438,0,7,0,0.0,2.0,3.0,1.0,B01
201500039821,0,7,0,0.0,0.0,8.0,0.0,B01
201500026467,0,7,0,0.0,2.0,2.0,1.0,A01
201500047417,0,38,1,0.0,2.0,4.0,1.0,C01
201500046309,0,33,0,0.0,2.0,1.0,3.0,A01
201500037211,0,7,0,0.0,2.0,6.0,15.0,A01
201500021775,0,7,0,0.0,1.0,3.0,1.0,A01
201500006124,0,7,0,0.0,2.0,0.0,17.0,B02
201500031684,0,7,0,0.0,2.0,3.0,13.0,A01
201500025676,0,7,0,0.0,2.0,1.0,2.0,B01
201500003188,0,7,0,0.0,0.0,2.0,14.0,A01
201500035079,0,37,0,0.0,2.0,1.0,2.0,A01
201500001129,0,7,0,13.0,0.0,1.0,1.0,A01
201500034083,0,1,0,8.0,0.0,1.0,1.0,A01
201500038399,0,7,0,0.0,2.0,3.0,15.0,A01
201500012470,0,7,0,0.0,0.0,3.0,23.0,C03
201500024381,0,7,0,0.0,1.0,2.0,1.0,A01
201500054202,0,34,0,0.0,2.0,8.0,1.0,B01
201500008090,0,7,0,0.0,2.0,1.0,1.0,A01
201500052852,0,2,0,0.0,2.0,8.0,1.0,A01
201500052922,0,33,0,0.0,2.0,4.0,1.0,B01
201500032399,0,1,0,0.0,2.0,6.0,19.0,B01
201500000172,0,7,0,0.0,2.0,4.0,2.0,C03
201500014311,0,10,0,0.0,2.0,1.0,15.0,B01
201500007336,0,15,0,0.0,2.0,8.0,20.0,C03
201500025372,0,7,0,0.0,2.0,6.0,2.0,C01
201500011149,0,33,0,0.0,2.0,1.0,1.0,A01
201500051641,1,7,0,0.0,1.0,0.0,1.0,Z01
201500028051,0,7,0,0.0,2.0,1.0,1.0,A01
201500026163,0,33,0,0.0,2.0,1.0,1.0,A01
201500050452,0,7,0,0.0,2.0,1.0,2.0,A01
201500036312,0,30,0,0.0,2.0,1.0,2.0,A01
201500057648,0,2,0,0.0,2.0,1.0,0.0,B01
201500052598,0,7,0,0.0,2.0,2.0,1.0,B01
201500022139,0,7,0,0.0,2.0,5.0,2.0,A01
201500037458,0,7,0,0.0,2.0,0.0,4.0,A01
201500038680,0,40,0,0.0,2.0,1.0,1.0,C01
201500018996,0,7,0,6.0,0.0,1.0,15.0,A01
201500010326,0,30,0,0.0,0.0,7.0,0.0,A01
201500036986,0,7,0,0.0,2.0,1.0,9.0,A01
201500039225,0,32,0,0.0,2.0,1.0,1.0,B01
201500012930,0,7,0,0.0,2.0,8.0,19.0,B02
201500035784,0,7,0,0.0,2.0,1.0,1.0,A01
201500011052,0,31,0,0.0,2.0,1.0,1.0,B01
201500015075,0,30,0,0.0,2.0,2.0,1.0,B01
201500053205,0,33,0,0.0,2.0,3.0,7.0,A01
201500032803,0,34,0,0.0,2.0,1.0,17.0,A01
201500045493,0,33,0,0.0,2.0,1.0,3.0,C01
201500042083,0,7,0,0.0,0.0,0.0,0.0,A01
201500032034,0,7,0,0.0,2.0,2.0,19.0,A01
201500013499,0,7,0,0.0,2.0,4.0,2.0,D01
201500044239,0,7,0,0.0,2.0,4.0,1.0,C01
201500012758,0,7,0,0.0,2.0,8.0,15.0,B01
201500018830,0,7,0,8.0,0.0,1.0,1.0,A01
201500049092,0,7,0,0.0,2.0,2.0,0.0,B01
201500048855,0,7,0,0.0,2.0,1.0,2.0,A01
201500015608,0,7,0,0.0,1.0,2.0,0.0,A01
201500005847,0,7,0,0.0,2.0,2.0,10.0,A01
201500057773,0,7,0,0.0,2.0,3.0,15.0,B01
201500032232,0,7,0,0.0,2.0,1.0,1.0,A01
201500046891,0,7,0,0.0,2.0,5.0,1.0,A01
201500053980,0,34,0,8.0,2.0,3.0,18.0,B01
201500030423,0,7,0,0.0,2.0,1.0,0.0,A01
201500030754,0,7,0,0.0,2.0,7.0,15.0,A01
201500023970,0,7,0,0.0,2.0,1.0,1.0,A01
201500034973,0,33,0,0.0,2.0,1.0,1.0,B01
201500010227,0,32,0,0.0,2.0,1.0,1.0,A01
201500005996,0,7,0,6.0,0.0,1.0,1.0,A01
201500025484,0,7,0,0.0,2.0,4.0,1.0,B01
201500012239,0,38,42,0.0,2.0,2.0,1.0,B02
201500001490,0,7,0,0.0,2.0,4.0,1.0,A01
201500019012,0,30,0,0.0,0.0,8.0,10.0,A01
201500000943,0,7,0,0.0,1.0,1.0,1.0,A01
201500036738,0,2,0,0.0,2.0,1.0,1.0,B01
201500040886,0,7,0,0.0,0.0,5.0,10.0,B01
201500023536,0,31,0,1.0,2.0,9.0,1.0,B01
201500030682,0,7,0,0.0,2.0,1.0,2.0,A01
201500057865,0,7,0,0.0,2.0,4.0,2.0,C01
201500003191,0,7,0,0.0,2.0,1.0,1.0,B02
201500044395,0,7,0,0.0,1.0,2.0,1.0,A01
201500054185,0,10,0,0.0,2.0,5.0,16.0,A01
201500013262,0,7,0,0.0,2.0,8.0,21.0,A01
201500035546,0,32,0,8.0,2.0,1.0,1.0,B01
201500027551,0,7,0,0.0,2.0,4.0,1.0,B01
201500037380,0,1,0,0.0,2.0,8.0,19.0,B01
201500020882,0,2,0,0.0,2.0,1.0,1.0,A01
201500035176,0,7,0,0.0,2.0,3.0,1.0,A01
201500039094,0,7,0,0.0,2.0,3.0,0.0,B01
201500049246,0,32,0,0.0,2.0,1.0,2.0,C01
201500025252,0,7,0,6.0,2.0,5.0,15.0,A01
201500048520,0,7,0,0.0,2.0,0.0,1.0,B01
201500052755,0,7,0,0.0,2.0,4.0,2.0,C01
201500036289,0,10,0,0.0,0.0,4.0,1.0,B01
201500034827,0,7,0,0.0,2.0,3.0,1.0,B01
201500058145,0,7,0,0.0,0.0,4.0,23.0,B01
201500050237,0,7,0,0.0,2.0,9.0,1.0,A01
201500006805,0,7,0,0.0,1.0,8.0,1.0,A01
201500009326,0,2,0,0.0,2.0,3.0,1.0,B02
201500018839,0,33,0,0.0,2.0,1.0,1.0,B02
201500046669,0,32,0,0.0,2.0,1.0,2.0,A01
201500034473,0,31,0,0.0,2.0,1.0,1.0,B01
201500042669,0,33,0,0.0,2.0,1.0,1.0,B01
201500009522,0,7,0,0.0,2.0,1.0,2.0,A01
201500001947,0,33,0,0.0,0.0,8.0,1.0,A01
201500039026,0,33,0,1.0,2.0,0.0,1.0,B01
201500001338,0,2,0,0.0,2.0,1.0,17.0,A01
201500042932,0,2,0,0.0,9.0,7.0,2.0,B01
201500058303,0,10,0,0.0,2.0,1.0,2.0,E01
201500020478,0,7,0,0.0,1.0,1.0,1.0,A01
201500016111,0,7,0,0.0,2.0,8.0,2.0,A01
201500039816,0,7,0,0.0,2.0,1.0,0.0,A01
201500037716,0,7,0,0.0,2.0,4.0,1.0,B01
201500019654,0,7,0,0.0,2.0,0.0,1.0,B01
201500051623,0,7,0,0.0,1.0,1.0,1.0,A01
201500057947,0,7,0,0.0,0.0,1.0,0.0,A01
201500034761,0,7,0,0.0,2.0,8.0,0.0,B01
201500039720,0,7,0,0.0,0.0,4.0,2.0,A01
201500023409,0,2,0,0.0,1.0,1.0,17.0,A01
201500013159,0,7,0,0.0,1.0,7.0,16.0,A01
201500017223,0,33,0,6.0,0.0,7.0,1.0,A01
201500024101,0,7,0,0.0,1.0,3.0,1.0,A01
201500045310,0,7,0,0.0,2.0,4.0,2.0,A01
201500052653,0,31,0,0.0,2.0,7.0,2.0,B01
201500052108,0,7,0,0.0,1.0,4.0,4.0,A01
201500027134,0,30,0,0.0,2.0,1.0,1.0,B01
201500004498,0,31,0,0.0,2.0,1.0,5.0,D04
201500010171,0,33,0,0.0,2.0,1.0,1.0,B01
201500009046,0,7,0,0.0,2.0,1.0,5.0,A01
201500007319,0,7,0,0.0,2.0,2.0,17.0,A01
201500056427,0,31,0,0.0,0.0,8.0,3.0,A01
201500010984,0,7,0,1.0,0.0,3.0,0.0,A01
201500043778,0,7,0,0.0,2.0,1.0,2.0,A01
201500024827,0,7,0,12.0,2.0,6.0,16.0,A01
201500045392,0,7,0,4.0,0.0,9.0,0.0,A01
201500000644,0,7,0,0.0,2.0,1.0,11.0,A01
201500000355,0,7,0,0.0,2.0,1.0,9.0,A01
201500051266,0,7,0,0.0,1.0,2.0,1.0,A01
201500055046,0,7,0,16.0,1.0,4.0,4.0,A01
201500016168,0,7,0,0.0,2.0,1.0,13.0,A01
201500047033,0,7,0,0.0,2.0,4.0,2.0,E01
201500031572,0,1,0,0.0,2.0,1.0,1.0,B01
201500022704,1,32,0,0.0,1.0,0.0,0.0,Z01
201500008985,0,7,0,6.0,0.0,1.0,1.0,A01
201500019584,0,7,0,0.0,2.0,1.0,1.0,A01
201500036836,0,7,0,0.0,0.0,0.0,0.0,A01
201500027333,0,7,0,0.0,2.0,2.0,15.0,A01
201500012632,0,7,0,0.0,2.0,6.0,4.0,A01
201500042697,0,7,0,0.0,2.0,8.0,11.0,A01