Num_Acc,senc,catv,occutc,obs,obsm,choc,manv,num_veh
201500043557,0,1,0,0.0,2.0,8.0,0.0,B01
201500050796,0,10,0,0.0,1.0,3.0,15.0,A01
201500028374,0,31,0,0.0,2.0,1.0,14.0,B01
201500029237,0,7,0,0.0,2.0,4.0,2.0,B01
201500044428,0,7,0,0.0,2.0,3.0,1.0,B01
201500015883,0,7,0,15.0,0.0,9.0,14.0,A01
201500026482,0,30,0,0.0,2.0,1.0,1.0,A01
201500014180,0,7,0,0.0,2.0,3.0,15.0,B01
201500028153,0,7,0,0.0,2.0,1.0,2.0,A01
201500005613,0,7,0,0.0,2.0,1.0,13.0,A01
201500038884,0,1,0,0.0,2.0,8.0,1.0,B02
201500055122,1,7,0,0.0,2.0,0.0,15.0,Z01
201500052131,0,33,0,0.0,2.0,1.0,1.0,A01
201500057977,0,7,0,0.0,2.0,8.0,0.0,C01
201500029705,0,38,39,0.0,2.0,3.0,1.0,B01
201500035920,0,30,0,0.0,2.0,1.0,1.0,A01
201500016019,1,7,0,0.0,2.0,1.0,13.0,A01
201500027601,0,7,0,0.0,2.0,1.0,1.0,A01
201500051413,0,7,0,0.0,1.0,1.0,15.0,A01
201500039948,0,7,0,0.0,2.0,4.0,23.0,B01
201500001141,0,7,0,0.0,2.0,8.0,19.0,B02
201500012522,0,10,0,0.0,0.0,0.0,15.0,A01
201500048205,0,7,0,0.0,2.0,7.0,15.0,A01
201500051185,0,7,0,0.0,2.0,3.0,15.0,A01
201500052646,0,7,0,0.0,2.0,3.0,9.0,A01
201500053092,0,7,0,0.0,2.0,2.0,15.0,A01
201500046447,0,7,0,0.0,2.0,4.0,2.0,C01
201500031906,0,7,0,14.0,0.0,9.0,0.0,A01
201500001538,0,7,0,0.0,2.0,8.0,1.0,B01
201500027278,0,7,0,0.0,2.0,1.0,17.0,A01
201500043846,0,34,0,0.0,1.0,1.0,1.0,A01
201500041035,0,7,0,0.0,2.0,1.0,1.0,C01
201500018190,0,33,0,2.0,0.0,1.0,1.0,A01
201500024012,0,7,0,0.0,1.0,1.0,15.0,A01
201500050939,0,7,0,0.0,2.0,1.0,15.0,B01
201500049355,2,10,0,0.0,2.0,4.0,2.0,Z01
201500005070,0,10,0,0.0,2.0,1.0,6.0,B02
201500050629,0,7,0,0.0,2.0,1.0,15.0,B01
201500003463,0,7,0,0.0,0.0,3.0,1.0,B02
201500055589,1,7,0,0.0,1.0,0.0,10.0,Z01
201500025710,0,30,0,0.0,2.0,1.0,1.0,B01
201500017756,0,7,0,0.0,1.0,1.0,1.0,A01
201500038094,2,7,0,1.0,0.0,7.0,1.0,A01
201500019363,0,7,0,0.0,2.0,4.0,2.0,A01
201500012148,0,7,0,0.0,0.0,1.0,1.0,B02
201500041119,1,7,0,0.0,0.0,3.0,10.0,Z01
201500048364,0,10,0,0.0,2.0,4.0,23.0,B01
201500031392,0,7,0,0.0,2.0,1.0,2.0,A01
201500019714,0,2,0,0.0,2.0,8.0,15.0,B02
201500048879,0,1,0,0.0,2.0,5.0,1.0,A01
201500005666,0,34,0,0.0,2.0,2.0,17.0,A01
201500031546,0,30,0,0.0,2.0,3.0,1.0,B01
201500042186,0,7,0,0.0,2.0,7.0,1.0,A01
201500000068,0,7,0,8.0,2.0,8.0,2.0,A01
201500036171,0,7,0,0.0,2.0,3.0,15.0,A01
201500057592,0,7,0,0.0,9.0,3.0,1.0,A01
201500030757,0,31,0,0.0,2.0,1.0,0.0,B01
201500009096,0,7,0,0.0,2.0,3.0,15.0,B02
201500024918,0,1,0,0.0,2.0,0.0,0.0,B01
201500034038,0,7,0,15.0,0.0,8.0,1.0,B01
201500015298,0,34,0,0.0,2.0,4.0,23.0,B01
201500056946,0,33,0,0.0,2.0,1.0,1.0,A01
201500055267,0,2,0,0.0,0.0,8.0,21.0,A01
201500050230,0,14,0,0.0,2.0,6.0,1.0,B01
201500024826,0,10,0,0.0,2.0,2.0,14.0,A01
201500006169,0,2,0,0.0,2.0,1.0,13.0,B02
201500035878,0,7,0,15.0,0.0,1.0,9.0,A01
201500034209,0,15,0,0.0,2.0,2.0,1.0,A01
201500034578,0,7,0,0.0,2.0,5.0,1.0,A01
201500013267,0,2,0,0.0,2.0,2.0,17.0,A01
201500017355,0,7,0,0.0,2.0,7.0,1.0,A01
201500045676,0,34,0,0.0,2.0,4.0,1.0,B01
201500010340,0,33,0,0.0,2.0,0.0,17.0,A01
201500045024,0,7,0,4.0,2.0,0.0,1.0,A01
201500034635,0,7,0,0.0,1.0,2.0,1.0,A01
201500024880,0,30,0,0.0,2.0,0.0,2.0,A01
201500053715,0,7,0,0.0,2.0,7.0,16.0,A01
201500056530,0,7,0,0.0,2.0,8.0,11.0,A01
201500003875,0,7,0,0.0,2.0,3.0,1.0,B02
201500046767,0,33,0,0.0,2.0,4.0,0.0,B01
201500056721,0,30,0,0.0,2.0,1.0,2.0,A01
201500024731,0,7,0,0.0,2.0,4.0,23.0,B01
201500010800,0,7,0,14.0,2.0,1.0,5.0,A01
201500019133,0,34,0,0.0,2.0,1.0,1.0,B02
201500035713,0,7,0,0.0,2.0,4.0,23.0,F01
201500047861,0,7,0,0.0,2.0,7.0,15.0,B01
201500004579,0,15,0,0.0,2.0,2.0,15.0,A01
201500039575,0,7,0,0.0,2.0,2.0,1.0,B01
201500041805,0,7,0,0.0,1.0,1.0,1.0,A01
201500036168,0,30,0,0.0,2.0,1.0,1.0,B01
201500008762,0,1,0,0.0,0.0,1.0,15.0,B02
201500055221,0,30,0,0.0,2.0,8.0,18.0,A01
201500020732,0,7,0,0.0,2.0,2.0,9.0,C03
201500053906,0,31,0,0.0,2.0,2.0,1.0,B01
201500049399,0,7,0,0.0,2.0,1.0,2.0,A01
201500032075,0,33,0,0.0,2.0,1.0,2.0,C03
201500057338,0,7,0,0.0,1.0,2.0,1.0,A01
201500001337,0,2,0,0.0,2.0,1.0,1.0,A01
201500037078,0,7,0,0.0,2.0,6.0,1.0,A01
201500041176,0,7,0,0.0,2.0,3.0,15.0,B01
201500017068,0,7,0,0.0,2.0,3.0,15.0,A01
201500051027,0,7,0,0.0,2.0,4.0,23.0,B01
201500005906,0,7,0,2.0,0.0,7.0,1.0,A01
201500016786,0,7,0,0.0,2.0,3.0,9.0,A01
201500009714,0,1,0,0.0,2.0,6.0,2.0,B02
201500021603,0,30,0,0.0,2.0,1.0,0.0,A01
201500046315,0,33,0,0.0,0.0,0.0,0.0,B01
201500044899,0,7,0,0.0,2.0,4.0,1.0,A01
201500035703,0,10,0,2.0,0.0,1.0,1.0,A01
201500005047,0,7,0,13.0,0.0,1.0,0.0,A01
201500008232,0,30,0,0.0,0.0,1.0,1.0,B02
201500037905,0,7,0,0.0,2.0,1.0,1.0,B01
201500042593,0,10,0,0.0,2.0,3.0,11.0,A01
201500033809,0,1,0,0.0,2.0,1.0,2.0,B01
201500011188,0,7,0,0.0,1.0,1.0,15.0,A01
201500008975,0,7,0,0.0,1.0,1.0,1.0,A01
201500040735,0,7,0,0.0,0.0,4.0,2.0,B01
201500016501,0,2,0,13.0,0.0,1.0,1.0,A01
201500014286,0,33,0,0.0,2.0,7.0,19.0,B01
201500007270,0,7,0,4.0,0.0,9.0,14.0,A01
201500040904,1,7,0,0.0,2.0,0.0,10.0,Z01
201500016718,0,33,0,0.0,2.0,1.0,17.0,A01
201500015184,0,10,0,0.0,2.0,2.0,1.0,A01
201500036184,0,7,0,0.0,2.0,2.0,1.0,B01
201500041380,0,7,0,0.0,2.0,1.0,0.0,A01
201500050909,0,32,0,0.0,1.0,7.0,1.0,A01
201500019606,0,7,0,0.0,2.0,4.0,2.0,B01
201500048722,0,7,0,8.0,2.0,2.0,0.0,A01
201500031518,0,7,0,0.0,2.0,1.0,2.0,A01
201500036529,0,7,0,0.0,2.0,8.0,9.0,A01
201500053158,0,7,0,0.0,2.0,2.0,15.0,A01
201500025312,0,7,0,0.0,2.0,1.0,0.0,A01
201500052495,0,31,0,0.0,2.0,6.0,1.0,B01
201500046952,0,7,0,0.0,2.0,4.0,1.0,A01
201500026108,0,33,0,0.0,2.0,1.0,1.0,B01
201500002990,0,7,0,0.0,2.0,2.0,15.0,B02
201500045776,0,33,0,0.0,2.0,1.0,3.0,A01
201500019613,0,7,0,0.0,2.0,4.0,1.0,A01
201500048969,0,1,0,0.0,2.0,1.0,5.0,A01
201500006752,0,7,0,15.0,0.0,1.0,1.0,A01
201500051886,0,7,0,0.0,2.0,1.0,1.0,A01
201500056760,0,7,0,0.0,2.0,6.0,19.0,B02
201500007292,0,1,0,0.0,2.0,1.0,1.0,B02
201500007745,0,31,0,0.0,0.0,8.0,1.0,B02
201500008539,0,33,0,0.0,2.0,1.0,1.0,B02
201500051286,0,1,0,1.0,2.0,1.0,1.0,B01
201500014507,0,7,0,0.0,2.0,1.0,1.0,A01
201500011874,0,30,0,0.0,2.0,1.0,5.0,A01
201500056206,0,14,0,2.0,2.0,1.0,2.0,A01
201500002852,0,7,0,0.0,2.0,5.0,15.0,A01
201500025432,0,34,0,1.0,2.0,3.0,17.0,B01
201500039790,1,7,0,0.0,1.0,0.0,0.0,Z01
201500003615,0,7,0,2.0,5.0,9.0,13.0,A01
201500015195,1,7,0,0.0,2.0,8.0,15.0,A01
201500024417,0,14,0,0.0,2.0,3.0,5.0,C01
201500041724,1,7,0,0.0,0.0,0.0,0.0,Z01
201500023263,0,7,0,8.0,2.0,3.0,1.0,A01
201500005511,0,2,0,0.0,2.0,1.0,1.0,A01
201500038028,0,7,0,0.0,2.0,4.0,1.0,A01
201500039085,0,34,0,0.0,0.0,8.0,1.0,A01
201500026599,0,7,0,0.0,0.0,4.0,23.0,B01
201500045642,0,7,0,0.0,2.0,3.0,0.0,A01
201500020209,0,7,0,0.0,2.0,1.0,9.0,A01
201500015468,0,7,0,0.0,2.0,1.0,13.0,A01
201500043053,0,7,0,0.0,2.0,3.0,0.0,B01
201500033077,0,7,0,0.0,0.0,8.0,1.0,B01
201500012571,0,7,0,0.0,0.0,8.0,1.0,B02
201500011867,0,7,0,0.0,2.0,8.0,1.0,B02
201500023101,0,7,0,0.0,2.0,1.0,13.0,A01
201500004490,0,30,0,16.0,0.0,7.0,1.0,A01
201500022836,0,7,0,0.0,2.0,0.0,0.0,B01
201500027008,0,7,0,0.0,2.0,1.0,2.0,A01
201500015410,0,7,0,0.0,2.0,1.0,2.0,A01
201500058368,0,7,0,14.0,0.0,1.0,1.0,A01
201500018493,0,10,0,0.0,2.0,1.0,1.0,B02
201500023118,0,7,0,0.0,2.0,2.0,1.0,B01
201500045096,0,7,0,4.0,0.0,3.0,1.0,A01
201500024613,0,7,0,0.0,2.0,1.0,2.0,A01
201500030313,0,32,0,0.0,0.0,0.0,2.0,A01
201500038134,0,10,0,0.0,1.0,7.0,16.0,A01
201500003080,0,7,0,0.0,2.0,7.0,15.0,A01
201500030793,0,10,0,0.0,2.0,2.0,1.0,A01
201500053477,0,33,0,0.0,2.0,1.0,1.0,B01
201500027597,0,7,0,0.0,2.0,3.0,1.0,B01
201500024804,0,7,0,0.0,2.0,4.0,2.0,A01
201500001389,0,7,0,0.0,2.0,8.0,19.0,B02
201500049664,0,10,0,1.0,2.0,1.0,1.0,B01
201500050877,0,1,0,0.0,1.0,8.0,7.0,A01
201500008413,0,20,0,0.0,2.0,7.0,17.0,A01
201500046084,0,7,0,0.0,2.0,2.0,11.0,B01
201500039929,0,7,0,0.0,2.0,1.0,1.0,B01
201500000169,0,7,0,0.0,2.0,1.0,0.0,A01
201500049816,0,7,0,4.0,0.0,6.0,1.0,A01
201500030109,0,7,0,0.0,0.0,0.0,0.0,B01
201500041617,0,7,0,8.0,0.0,1.0,15.0,A01
201500038417,0,2,0,0.0,2.0,1.0,1.0,B01
201500037950,0,30,0,0.0,2.0,1.0,1.0,A01
201500045170,0,7,0,4.0,0.0,1.0,14.0,A01
201500031117,0,1,0,0.0,0.0,0.0,0.0,A01
201500039364,0,7,0,0.0,2.0,5.0,1.0,B01
201500002208,0,21,0,0.0,2.0,4.0,2.0,C03
201500022442,0,33,0,0.0,2.0,2.0,0.0,B01
201500008018,0,7,0,0.0,1.0,7.0,1.0,A01
201500024581,1,33,0,0.0,1.0,1.0,0.0,A01
201500026644,0,7,0,0.0,2.0,3.0,13.0,B01
201500013439,0,7,0,0.0,2.0,1.0,16.0,A01
201500013929,0,7,0,0.0,2.0,1.0,2.0,A01
201500041648,0,40,0,0.0,1.0,1.0,0.0,A01
201500002973,0,7,0,0.0,2.0,2.0,17.0,A01
201500028910,0,2,0,0.0,2.0,1.0,1.0,A01
201500018361,0,7,0,0.0,2.0,1.0,1.0,B02
201500050706,0,2,0,0.0,0.0,0.0,1.0,A01
201500025079,0,1,0,0.0,2.0,1.0,19.0,B01
201500050857,0,7,0,0.0,2.0,2.0,1.0,B01
201500007689,0,33,0,0.0,2.0,1.0,1.0,A01
201500028289,0,7,0,0.0,2.0,3.0,0.0,A01
201500024543,2,7,0,12.0,0.0,1.0,16.0,A01
201500026365,0,7,0,16.0,0.0,3.0,1.0,A01
201500028297,0,2,0,0.0,2.0,0.0,0.0,B01
201500058627,0,7,0,0.0,2.0,4.0,4.0,B01
201500006627,0,7,0,0.0,2.0,9.0,1.0,A01
201500013920,0,7,0,0.0,2.0,1.0,1.0,A01
201500058279,0,7,0,0.0,1.0,3.0,1.0,A01
201500041904,0,1,0,0.0,9.0,1.0,1.0,B01
201500035491,0,7,0,0.0,2.0,3.0,15.0,A01
201500028315,0,1,0,0.0,2.0,5.0,2.0,B01
201500024194,0,37,1,0.0,2.0,1.0,2.0,A01
201500032733,0,7,0,0.0,2.0,1.0,15.0,B01
201500036515,0,34,0,0.0,2.0,2.0,1.0,B01
201500024610,0,31,0,0.0,2.0,1.0,1.0,B01
201500010854,0,7,0,0.0,2.0,5.0,1.0,B01
201500011418,0,7,0,8.0,2.0,3.0,9.0,A01
201500019148,0,7,0,0.0,2.0,1.0,2.0,A01
201500036262,0,37,1,0.0,1.0,6.0,15.0,A01
201500035871,0,7,0,0.0,2.0,4.0,1.0,B01
201500001519,0,7,0,0.0,2.0,2.0,2.0,B01
201500005953,0,7,0,0.0,2.0,8.0,15.0,B02
201500037446,1,7,0,0.0,2.0,4.0,4.0,Z01
201500049722,1,7,0,0.0,0.0,0.0,0.0,Z01
201500023690,0,33,0,0.0,2.0,4.0,2.0,B01
201500029309,1,7,0,0.0,0.0,0.0,0.0,A01
201500040610,0,7,0,0.0,1.0,1.0,1.0,A01
201500047858,0,7,0,0.0,1.0,1.0,16.0,A01
201500007970,0,10,0,0.0,2.0,4.0,14.0,A01
201500017228,0,7,0,2.0,0.0,2.0,0.0,A01
201500049083,0,7,0,0.0,0.0,4.0,2.0,C01
201500004265,0,7,0,0.0,2.0,3.0,1.0,A01
201500019231,0,10,0,0.0,2.0,1.0,2.0,A01
201500042491,0,32,0,0.0,2.0,1.0,1.0,B01
201500049377,0,7,0,3.0,0.0,3.0,0.0,A01
201500028076,0,7,0,0.0,2.0,3.0,1.0,B01
201500025500,0,1,0,0.0,2.0,1.0,19.0,B01
201500031058,0,38,3,0.0,2.0,3.0,5.0,C01
201500024539,0,2,0,0.0,2.0,1.0,1.0,B01
201500028123,0,7,0,0.0,1.0,3.0,0.0,A01
201500024228,0,33,0,0.0,1.0,1.0,1.0,A01
201500058117,0,33,0,0.0,0.0,1.0,1.0,A01
201500033800,0,7,0,0.0,1.0,1.0,1.0,A01
201500003488,0,7,0,0.0,1.0,3.0,1.0,A01
201500056230,0,10,0,0.0,2.0,3.0,2.0,A01
201500057415,0,7,0,0.0,2.0,3.0,1.0,B01
201500043450,0,7,0,0.0,2.0,1.0,3.0,A01
201500021745,0,7,0,0.0,2.0,0.0,0.0,B01
201500058013,0,1,0,0.0,2.0,8.0,1.0,A01
201500013840,0,7,0,0.0,1.0,1.0,1.0,A01
201500014024,0,32,0,0.0,2.0,1.0,16.0,A01
201500035855,0,30,0,0.0,2.0,1.0,1.0,A01
201500033629,0,3,0,0.0,2.0,1.0,1.0,A01
201500004098,0,1,0,0.0,0.0,0.0,1.0,A01
201500024872,0,7,0,0.0,2.0,3.0,16.0,A01
201500044739,0,7,0,4.0,0.0,1.0,1.0,A01
201500040586,0,7,0,0.0,2.0,4.0,9.0,B01
201500001557,0,7,0,1.0,0.0,3.0,13.0,A01
201500036339,0,33,0,0.0,2.0,5.0,0.0,B01
201500046276,0,33,0,16.0,0.0,3.0,3.0,A01
201500051171,0,7,0,0.0,2.0,3.0,1.0,A01
201500020471,0,7,0,0.0,1.0,3.0,1.0,A01
201500034093,0,33,0,0.0,2.0,6.0,16.0,B01
201500055107,0,13,0,0.0,2.0,1.0,1.0,B01
201500028067,0,7,0,0.0,2.0,4.0,23.0,B01
201500000954,0,7,0,0.0,2.0,3.0,10.0,A01
201500004732,0,7,0,0.0,0.0,6.0,24.0,B01
201500049715,0,31,0,0.0,2.0,1.0,2.0,A01
201500045823,0,7,0,0.0,2.0,4.0,2.0,B01
201500011371,0,17,0,0.0,2.0,6.0,1.0,A01
201500054676,0,33,0,0.0,2.0,1.0,1.0,B01
201500038318,0,7,0,0.0,2.0,1.0,2.0,A01
201500035023,0,33,0,0.0,2.0,2.0,17.0,A01
201500026784,0,7,0,0.0,2.0,2.0,1.0,A01
201500000825,0,7,0,14.0,1.0,1.0,1.0,A01
201500042506,0,7,0,0.0,2.0,7.0,15.0,B01
201500025635,0,7,0,0.0,1.0,1.0,0.0,A01
201500030765,0,7,0,0.0,1.0,0.0,0.0,A01
201500008682,0,7,0,0.0,2.0,2.0,15.0,A01
201500027171,0,7,0,0.0,2.0,3.0,15.0,B01
201500047523,0,7,0,16.0,0.0,9.0,1.0,A01
201500013139,0,7,0,0.0,2.0,3.0,15.0,A01
201500046834,0,7,0,0.0,0.0,0.0,0.0,B01
201500010129,0,7,0,0.0,2.0,1.0,1.0,B01
201500000486,0,7,0,0.0,2.0,1.0,15.0,B02
201500000855,0,33,0,0.0,0.0,2.0,0.0,A01
201500046337,0,7,0,0.0,2.0,3.0,11.0,B01
201500019012,0,7,0,0.0,0.0,2.0,21.0,B02
201500038030,0,7,0,0.0,2.0,1.0,1.0,B01
201500013957,0,7,0,0.0,2.0,7.0,12.0,A01
201500057377,0,7,0,0.0,2.0,8.0,16.0,B01
201500030019,0,7,0,0.0,2.0,4.0,0.0,C01
201500019317,0,7,0,0.0,2.0,1.0,2.0,A01
201500055949,0,31,0,0.0,2.0,1.0,1.0,A01
201500001328,0,33,0,14.0,6.0,1.0,13.0,A01
201500050248,0,15,0,0.0,2.0,3.0,2.0,A01
201500005245,0,33,0,0.0,2.0,1.0,1.0,B02
201500051407,0,7,0,0.0,2.0,2.0,22.0,A01
201500026378,0,7,0,6.0,0.0,2.0,1.0,A01
201500002676,0,7,0,0.0,2.0,1.0,1.0,A01
201500055720,0,30,0,0.0,2.0,1.0,1.0,B01
201500041307,0,33,0,0.0,2.0,1.0,2.0,B01
201500009021,0,31,0,0.0,2.0,1.0,1.0,B02
201500020798,0,7,0,8.0,0.0,1.0,0.0,A01
201500024857,0,7,0,0.0,2.0,1.0,1.0,B01
201500002443,0,30,0,0.0,2.0,1.0,17.0,A01
201500045281,0,33,0,0.0,2.0,1.0,11.0,A01
201500027151,0,7,0,0.0,2.0,1.0,1.0,B01
201500030964,0,1,0,0.0,2.0,1.0,19.0,B01
201500027565,0,14,0,0.0,2.0,3.0,15.0,B01
201500029231,0,7,0,0.0,2.0,1.0,2.0,A01
201500055019,0,37,0,0.0,1.0,2.0,1.0,A01
201500029170,0,7,0,0.0,2.0,4.0,1.0,B01
201500023771,0,7,0,0.0,2.0,2.0,1.0,A01
201500014472,1,7,0,0.0,2.0,1.0,16.0,B01
201500020356,0,10,0,0.0,0.0,1.0,15.0,A01
201500056266,0,33,0,0.0,2.0,1.0,11.0,A01
201500049493,0,15,0,0.0,2.0,2.0,12.0,A01